<?xml version="1.0" encoding="utf-8"?>
<extension type="component" version="3.1" method="upgrade">
	<name>xbpeople</name>
	<creationDate>9th February 2021</creationDate>
	<version>0.1.0</version>
	<author>Roger C-O</author>
	<authorEmail>roger@crosborne.uk</authorEmail>
	<authorUrl>www.crosborne.uk</authorUrl>
	<copyright>(c) Roger Creagh-Osborne, 2021. All rights reserved.</copyright>
	<license>http://www.gnu.org/licenses/gpl-3.0.html GNU/GPL</license>
	<description>xbPeople Component</description>

	<scriptfile>script.xbpeople.php</scriptfile>

	<media destination="com_xbpeople" folder="media">
		<filename>index.html</filename>
		<folder>css</folder>
	</media>

	<administration>
		<files folder="admin">
			<filename>access.xml</filename>
			<filename>config.xml</filename>
			<filename>controller.php</filename>
			<filename>index.html</filename>
			<filename>xbpeople.php</filename>
			<folder>controllers</folder>
			<folder>helpers</folder>
			<folder>models</folder>
			<folder>tables</folder>
			<folder>views</folder>
		</files>

		<languages folder="admin/language">
			<language tag="en-GB">en-GB/en-GB.com_xbpeople.ini</language>
			<language tag="en-GB">en-GB/en-GB.com_xbpeople.sys.ini</language>
		</languages>
		
		<menu img="class:xbpeople" 
			link="option=com_xbpeople" view="persons">
			xbPeople
		</menu>
		<submenu>
			<menu link="option=com_xbpeople" 
				view="persons" img="class:xbpeople-persons"
				alt="Xbpeople/Persons">
					com_people_persons					
			</menu>
		</submenu>
	</administration>

</extension>